SubjectID	Day_Period	Aerococcus	Anaerococcus	Ureaplasma	Parvimonas	L. iners	Finegoldia	Staphylococcus	Porphyromonas	Atopobium	Gardnerella	L. crispatus	Peptostreptococcus	Sneathia	Streptococcus	Prevotella	Peptoniphilus	Incertae_Sedis_XI.1	L. gasseri	Corynebacterium	Dialister	L.otu5	L.otu3	Ruminococcaceae.3
1.1	0	0	0.001459041	0	0.0076047	0.722573457	0.000636686	0	0.000453871	0.013985155	0	0.003533073	0.000426434	0.002861872	4.00E-05	0.019267877	0.005126133	0	0	0.001140729	0.000682663	0.00443637	0.000480699	0.036703876
1.1	14	0.004317887	0.001550094	0.002321487	0.009255875	0.133607783	0.000504525	0.000129837	0.000280854	0.524272146	0.016637797	0.0197996	0.00034259	0.017702989	0.000120906	0.025943981	0.005287133	0.000146855	1.03E-05	0.002760797	0.002375844	0.002738891	0.000375248	0.01727061
1.2	0	0.006045057	0.001183866	0.00367148	0.007565004	0.70477486	0.000263606	0.000216519	7.79E-05	0	0.024142288	0.02076946	0.00027219	0.012722772	0.000124816	0.019378547	0.003824626	0.000167102	1.09E-05	0.0030612	0.002311123	0.001326599	0.00019062	0.022783419
1.2	14	0.004176567	0.000960592	0.002639555	0.006010369	0.539239127	0.000206803	0.000174155	2.90E-05	0.15491095	0.018851052	0.01439391	0.000281844	0.05988696	9.49E-05	0.013040251	0.002917768	0.000125196	8.13E-07	0.002710363	0.001541467	0.001497331	0.000119538	0.041044899
1.2	28	0.002816329	0.001114026	0.001687776	0.006504751	0.623693591	0.000344053	0.000141286	6.71E-05	0.036999303	0.015578131	0.010783365	0.000384043	0.03247291	8.63E-05	0.013076838	0.00318825	0.000121978	0	0.003000102	0.001135171	0.002965194	0.000135225	0.072543161
1.3	0	0.002677963	0.001111966	0.001582556	0.006455896	0.665566956	0.000354374	0.00013614	7.10E-05	0	0.01507564	0.010350731	0.000385695	0.04067948	8.44E-05	0.013008228	0.003168449	0.000120917	0	0.002978975	0.001089845	0.003062024	0.000135327	0.073876185
1.3	14	0.002097404	0.001684527	0.000493491	0.008998891	0.031074117	0.000842808	0.000109985	0.000211533	0.611020666	0.014311235	0.008331195	0.00058737	0.08106735	9.71E-05	0.021552176	0.00447095	0.000198855	0	0.004210868	0.000931003	0.007051493	0.000211479	0.099340976
1.3	28	0.002591131	0.001708826	0	0.008331435	0.81536046	0.001365448	4.31E-05	0.000354101	0	0.01083344	0.004653873	0.000484253	0	8.36E-05	0.03085051	0.004029033	0.000314234	1.03E-05	0.004189338	0.000708707	0.010376751	0.000199951	0.020615834
1.5	0	0.004665817	0.001423764	0	0.006382358	0.138967834	0.001666475	1.81E-05	0.000413327	0.659978151	0.01118357	0.004365296	0.000231851	0.013082569	7.42E-05	0.037939478	0.002818599	0.000426823	4.17E-05	0.003695419	0.000840604	0.011611431	0.000129686	0.029666463
2.1	0	0	3.10E-05	0.000391442	0.029560584	0.735158755	0.001381348	0.000852453	0.000107685	0	0	0.000285103	0	0	2.72E-05	0.119534789	0.012409069	0.000521863	0	0.000294898	0.00149094	0.005265935	0.001033316	0
2.1	14	0.032595789	9.96E-06	0.000125302	0.019312127	0.064291529	0.000799862	0.000105151	5.83E-05	0.493399092	0.238091093	0.00039652	7.65E-05	0	4.54E-05	0.084810852	0.00556879	0.000479147	0	1.25E-05	0.000636975	0.006446063	0.000598677	0
2.2	0	0.048166899	1.52E-05	0	0.008082162	0.730089454	0.000700303	0	2.58E-05	0.09934099	0.048937319	0.000314166	0.000352523	0	8.22E-05	0.029423763	0.00221714	0.00029648	0	0	0.000424285	0.005871893	0.000295381	0
2.2	14	0.053647998	4.33E-05	0	0.002263236	0.071857751	0.001124928	0	2.27E-05	0.626401115	0.104860285	0.000203778	0.00054842	0	0.000135696	0.104133686	0.003007103	0.000155927	0	5.26E-05	0.000828989	0.005819653	0.000260808	0
2.2	28	0.054259013	8.79E-05	1.61E-05	0	0.02638555	0.001778081	0.000140364	3.44E-05	0.705420485	0.132975518	6.83E-05	0.00066305	0	0.000189998	0.029038215	0.00592122	3.10E-05	0	0.000239324	0.001538635	0.006020594	0.000356072	0
2.3	0	0.054162627	9.14E-05	2.24E-05	0	0.021559059	0.001822634	0.000164561	3.55E-05	0.709818439	0.132664073	5.82E-05	0.000666071	0	0.000193014	0.028797755	0.006156457	2.28E-05	0	0.000253472	0.001590318	0.006034449	0.000364625	0
2.3	14	0.044443416	0.000114635	9.78E-05	0	0.068726669	0.001872975	0.000402028	4.01E-05	0.704623228	0.080637893	0	0.000515268	0	0.00017588	0.045743073	0.007410603	0	0	0.000345786	0.00178883	0.005194142	0.000383254	0
2.4	0	0.046696334	0.000133555	0.000141651	0	0.622657289	0.001714155	0.00048955	3.92E-05	0.194659267	0.045682611	0	0.000357167	0	0.000144858	0.034558848	0.007420399	0	0	0.000352769	0.001739737	0.005261843	0.000356373	0
2.4	14	0.065240971	0.000149456	0.000142978	0.000134628	0.377178138	0.001009113	0.000354367	2.31E-05	0.442110238	0.04772445	0	8.47E-05	0	6.62E-05	0.027564454	0.004731363	0	0	0.000211083	0.001150953	0.00615342	0.000184295	0
3.1	0	0.021972904	0.003019922	0.000416436	0	0.071552325	0.006914016	0	0	0.303548324	0.015485178	0.000616472	0	0.438205587	2.64E-06	0.015803098	0.002074746	1.32E-06	0	0.000962415	0.000186975	0.000837894	1.32E-06	0.062432428
3.1	14	0.014538356	0.001639596	7.90E-05	0	0.047779612	0.002559597	0	0	0.772448112	0.0321477	0.000242292	0.00017665	0.040218306	0	0.006173839	0.001273487	0	0	0.000334791	0.000268063	0.000864656	0	0.055413946
3.1	28	0.012611835	0.00252223	0	0	0.045534124	0.001387747	0	0	0.685035196	0.04843721	0.000123253	0.000282834	0.093923791	1.76E-06	0.012013216	0.001163065	8.78E-07	0	0.000129828	0.000469582	0.001077751	8.78E-07	0.071682453
3.2	0	0.012341825	0.002604	0	0	0.044956987	0.001334769	0	0	0.68001393	0.048891044	0.000116572	0.000283256	0.097794119	2.54E-06	0.01267663	0.001147018	1.27E-06	0	0.000119421	0.000480642	0.001079609	1.27E-06	0.072266076
3.2	14	0.008533568	0.003605982	0	0	0.03496641	0.001060751	0	0	0.695413848	0.046833523	6.35E-05	0.000218593	0.082149856	1.39E-05	0.022017495	0.000899738	6.94E-06	0	4.75E-05	0.00055941	0.000972648	6.94E-06	0.072976866
3.2	28	0.00913849	0.005597629	7.86E-05	0	0.036931937	0.001748381	0	0	0.672516654	0.052288845	8.75E-05	0.000154553	0.039415872	2.90E-05	0.038942753	0.000985172	1.45E-05	0	8.07E-05	0.000733156	0.001084689	1.45E-05	0.092430784
3.3	0	0.011802445	0.007255221	0.000149768	0	0.043023972	0.002489095	0	0	0.615121469	0.059695122	0.00012662	0.000118547	0.025715681	4.00E-05	0.053256064	0.001167079	2.00E-05	0	0.000126484	0.000883581	0.001260298	2.00E-05	0.11368046
3.3	14	0.012979043	0.005616612	0.000182991	0	0.032650069	0.002356702	0	0	0.68567232	0.040071908	0.000132722	4.35E-06	0.028102832	3.20E-05	0.046521031	0.000891158	1.60E-05	0	0.00012676	0.000599139	0.000908266	1.60E-05	0.088606416
3.4	0	0.024672087	0.004749726	0.000222838	0	0.039581569	0.002563647	0	0	0.570906089	0.039393676	0.000171001	0	0.112372208	2.30E-05	0.049690524	0.001018213	1.15E-05	0	9.89E-05	0.00042943	0.001007348	1.15E-05	0.097683968
3.4	14	0.03589414	0.000260666	9.65E-05	0	0.037906574	0.00098246	0	0	0.70769392	0.029280832	0.000113132	3.26E-05	0.065198018	0	0.025417101	0.000830438	0	0	0	0	0.000881599	0	0.072725997
4.1	0	0.00980713	0	0	0.032721392	8.18E-05	0	0	0	0.254479453	0.095162728	9.13E-05	0.000149632	0.257023507	0.000134164	0.137520559	0	0	0	0.000624197	0.001000169	0	0	0.0706696
4.1	14	0.007337047	0.000688041	0	0.055465341	4.10E-05	0.000559552	0	0	0.331953258	0.080544562	0	0.000651202	0.109628837	0.000122981	0.050441519	0.003609418	0	5.73E-05	0.00184096	0.001259418	0	0	0.048931363
4.2	0	0.006508522	0.000681691	0	0.052323515	3.47E-05	0.000553121	0	0	0.371110413	0.072596471	0	0.000621049	0.104878576	0.000110892	0.049644987	0.003848338	0	5.78E-05	0.001766494	0.001164323	0	0	0.04228648
4.2	14	0.002377745	0.000825208	0	0.05121711	3.89E-07	0.000723052	0	0	0.441301721	0.040909011	0	0.000550586	0.125961197	5.36E-05	0.068263534	0.007078132	0	7.89E-05	0.001963032	0.000859571	0	0	0.004132282
4.3	0	0.001865981	0.000899694	0	0.057617091	0	0.000826656	0	0	0.111970343	0.040995232	0	0.000561313	0.331510622	4.71E-05	0.094643636	0.008241495	0	8.79E-05	0.00223556	0.000890609	0	0	2.64E-05
4.3	14	9.79E-05	0.000692229	0	0.061571314	0	0.0008405	0	0	0.30018889	0.036300755	8.55E-05	0.000313885	0.022456372	1.24E-05	0.073794151	0.008029994	0	7.34E-05	0.002391809	0.000705452	0	0	0.020950087
4.3	28	0	0.000256704	0	0.049970605	0	0.000595821	0	0	0.680372176	0.03335668	0.000175233	1.33E-05	0.002333283	0	0.025349074	0.004440944	0	3.08E-05	0.00188599	0.000421361	0	0	0.089700253
4.4	0	0	1.40E-05	0	0.058335018	4.01E-06	0.000626247	0	0	0.538268424	0.050884628	0.00034753	0	0.01435637	0	0	0.002100917	0	1.78E-06	0.002163103	0.000387128	0	0	0.221003348
4.5	0	0	1.75E-05	0	0.051963607	6.78E-06	0.000625577	0	0	0.426511376	0.059589711	0.000435784	0	0.030077668	0	0.05602634	0	0	0	0.002016167	0.000349418	0	0	0.283267356
4.5	14	0.000364596	0.000485373	0	0.041990754	0	0.000794815	0	0	0.523989295	0.059745871	0.000429961	0.000490152	0.023544135	1.60E-05	0.03484883	0	0	4.03E-06	0.001928792	0.000419486	0	0	0.231317557
5.1	0	0.039645157	0.000146904	3.31E-05	0.225820066	0.008957636	0.000492841	0	5.87E-05	0.438370564	0.051427195	0.000224202	0.002690381	0.07750878	0	0.044575925	0.069291245	0.000110987	0	0.000797394	0.003023309	5.64E-05	0	3.25E-05
5.1	14	0.038593079	0.000325952	3.67E-05	0.1011905	0.013280231	0.00052889	0.000119807	4.14E-05	0.408341935	0.039076774	0.000213738	0.002736661	0.13089545	0	0.041159408	0.071656259	8.65E-05	0	0.000945204	0.002820833	0.00010052	0	3.44E-05
5.2	0	0.034645117	0.000354119	3.31E-05	0.078009266	0.012995377	0.000507003	0.000145347	4.18E-05	0.501850179	0.034585456	0.00018646	0.002422349	0.086050773	0	0.038331702	0.065537414	7.99E-05	0	0.000876682	0.002734358	0.00010143	0	3.17E-05
5.2	14	0.023367757	0.000562683	2.25E-05	0.128279334	0.014220966	0.000533381	0.000284925	7.46E-05	0.290408666	0.026614585	9.08E-05	0.001358677	0.032759802	4.21E-05	0.036873319	0.049597071	8.61E-05	0	0.000709856	0.003416194	0.00012465	7.83E-06	2.69E-05
5.3	0	0.017636117	0.000761226	1.89E-05	0.109214001	0.017226546	0.000605881	0.000393037	0.00012385	0.273067071	0.027510965	2.88E-05	0.00073684	0.143830981	0.000115537	0.041551139	0.041461445	0.000117071	0	0.000672542	0.004647129	0.000157995	4.09E-05	2.87E-05
5.3	14	0.009695817	0.000755147	2.01E-05	0.043122432	0.019361493	0.000514476	0.000355225	0.00016965	0.277361836	0.027060554	0	0.0002723	0	0.000191938	0.038412952	0.022720286	0.000149502	0	0.000609168	0.005344243	0.000175778	0.000101522	3.22E-05
5.4	0	0.013633784	0.00061512	4.77E-05	0.06974339	0.027989839	0.000376447	0.000167102	0.000224026	0.348481455	0.035779442	1.96E-05	0.001264373	0.272773816	0.000269552	0.037843075	0.016225816	0.000214472	0	0.00097743	0.006322254	0.000232352	0.000207469	5.50E-05
6.1	0	0.009893065	0.048360709	5.81E-05	0.002694845	0.000313047	0.000347949	1.19E-05	0.008144593	0	0	0.000311215	0.053048761	0.037950447	0	0.39103411	0.044437569	0	0	0	0	5.74E-05	0	0.01908736
6.1	14	0.020047723	0.025601927	4.36E-05	0.078431668	0.000300918	0.000411436	5.09E-05	0.001658706	0.281322698	0.023261659	0.000127755	0.013153974	0.02776993	0.000345122	0.175339126	0.049902411	7.00E-05	4.16E-06	0.001539073	0.003577691	0	4.16E-06	0.03509826
6.2	0	0.025303377	0.022508605	4.95E-05	0.110550137	0.000312313	0.000559115	5.87E-05	0.001684483	0.228622892	0.032992535	0.000111548	0.005769374	0.036228926	0.000737689	0.153845942	0.060999804	0.00012786	1.11E-05	0.002915843	0.005629911	0	1.11E-05	0.043477829
6.2	14	0.026606787	0.017983308	5.57E-05	0.126630238	0.00026422	0.000731955	4.60E-05	0.003928949	0.211767479	0.035276345	0.000116239	0.002702406	0.050873312	0.000843821	0.147910008	0.068771068	0.000177047	6.43E-06	0.003291039	0.007430429	0	6.43E-06	0.045069277
6.3	0	0.024199644	0.01471603	5.84E-05	0.12288885	0.000207645	0.000821853	2.71E-05	0.006422219	0.23166935	0.031086741	0.000131472	0.004207981	0.061617633	0.00068361	0.155269071	0.069933368	0.000190388	0	0.002796815	0.008039329	1.10E-05	0	0.041008251
6.3	14	0.020579981	0.012086373	6.32E-05	0.117102318	0.00016571	0.000930458	5.62E-06	0.009819335	0.225120503	0.024842208	0.00016139	0.008474098	0.076279314	0.000382237	0.180486659	0.0727463	0.000194419	0	0.00202478	0.008637867	3.46E-05	0	0.036029156
6.3	28	0.017461731	0.010711201	6.91E-05	0.11884654	0.000193719	0.001026302	0	0.012639619	0.172725708	0.020757576	0.000191562	0.013018125	0.090660259	7.65E-05	0.214671056	0.079184458	0.000185287	0	0.001625658	0.009258716	5.27E-05	0	0.034071219
6.4	0	0.014837986	0.009402923	6.56E-05	0.115350337	0.000240789	0.000962204	3.29E-06	0.012152741	0.200980965	0.019046027	0.000182962	0.013193626	0.088124952	0	0.21156967	0.07729142	0.000155446	0	0.001677761	0.008743991	5.04E-05	0	0.032404803
6.4	14	0.013167833	0.008067218	5.78E-05	0.127788871	0.000434791	0.000793387	4.37E-05	0.008629234	0.211246727	0.02381115	0.000141607	0.009003886	0.076574499	0	0.191096644	0.078201319	9.36E-05	3.62E-05	0.003005876	0.007933726	2.42E-05	3.62E-05	0.036862453
7.1	0	0.002010511	0	2.34E-05	0	0.542616592	0	0.005089897	0	0	0.011498209	9.59E-05	0.069218752	0.015530717	0.139014035	0.070997434	0.004977924	0.000417221	7.53E-05	0.001304241	0	0.000420859	0	0.004396061
7.1	14	0.001991671	0.020266285	7.20E-05	0.306202562	0	0.002490983	0.001733688	0.000364801	0.393085627	0.000456603	3.77E-05	0.011141039	0.023244028	0.028470993	0.025955737	0.035694084	0.000164679	0	0.00571221	0.001517014	0.000197285	3.87E-05	0.00441089
7.2	0	0.002423342	0.032205465	0.000197665	0.183478208	0.014579259	0.007725043	0.000441689	0.001013174	0.28124198	0.131306798	5.39E-05	0.048653301	0.027745498	0	0.022807668	0.057105848	0.000140674	0	0.007518007	0.002994661	0.000137967	6.24E-05	0.006643631
7.2	14	0.003000739	0.035874891	0.000429964	0.100149749	0.047289461	0.013782873	0	0.001346019	0.305853607	0.05448087	0.000117267	0.053935351	0.028633467	0	0.071642848	0.078236946	0.000204725	0.000127717	0.007950339	0.003995285	0.000109631	9.21E-05	0.010856242
7.3	0	0.003265286	0.036967925	0.000511089	0.110194435	0.044279861	0.015700549	0	0.001424761	0.22826629	0.039484968	0.000142105	0.049691006	0.029497621	0	0.140156418	0.085707646	0.000238466	0.000181543	0.008209274	0.00431031	0.000113668	0.000104986	0.012492498
7.3	14	0.002526005	0.019984702	0.0005376	0.033823798	0.006173491	0.013817627	0	0.000859001	0.543933446	0.066062444	0.00016293	0.020494096	0.016859326	0.002023415	0.06473863	0.065511756	0.000247649	0.000288716	0.004897259	0.003093574	9.02E-05	0.000110917	0.012203546
7.3	28	0.002620902	0.014497623	0.000652695	0.042221528	0.012312626	0.014560304	0	0.000644535	0.519529737	0.091825477	0.000209592	0.047143918	0.013451387	0.021703759	0.013523101	0.063744511	0.000294569	0.000397145	0.004852006	0.003191457	0.000126754	0.000183977	0.015184121
7.4	0	0.003240715	0.017853629	0.000821299	0.077175276	0.027515795	0.01745145	9.02E-05	0.000746291	0.317891349	0.112242881	0.000267363	0.070240923	0.016351374	0.035004996	0.049368819	0.075771572	0.000354803	0.000497324	0.006885326	0.004217425	0.000184179	0.000287298	0.01993424
7.4	14	0.002257379	0.022705592	0.000495255	0.103141991	0.040644973	0.009796306	0.001288508	0.00073968	0.450850742	0.061420199	0.000159124	0.023559915	0.016495578	0.02579152	0.040944171	0.047258392	0.000140166	0.000223513	0.009138088	0.004276608	0.000187741	0.000357471	0.015147225
8.1	0	0.00709573	0.014636355	0	0.043549544	0.31683394	0.000368108	0	0.001161649	0.503978362	0.023187618	0	0.005869862	0	0	0.022858111	0.027865318	0	0	0.000446354	0.002414936	0.000548785	0	0
8.1	14	0.010498351	0.006512927	2.83E-06	0.076284629	0.08046183	0.000106999	0.000100747	0.001959834	0.454838795	0.018956866	2.18E-05	0.002256361	0.032038685	0	0.277233424	0.014361043	0	7.72E-05	0.00057594	0.002184855	0.001156159	8.22E-06	0
8.2	0	0.010742355	0.002532313	3.13E-05	0.050590101	0.408634801	0.000115408	0.00067479	0.002384934	0.257704108	0.018895347	3.69E-05	0.002141721	0.044800004	0	0.162654627	0.012799064	0	0.000138952	0.000599344	0.001968265	0.001580999	8.49E-05	0
8.2	14	0.011427217	0.002066253	5.87E-05	0.047181904	0.151805941	0.00032836	0.001140134	0.003055687	0.436421463	0.025969308	3.84E-05	0.004943333	0.049175694	0	0.208715015	0.02268722	0	0.000164395	0.000685274	0.002218758	0.002236265	0.0001868	0
8.2	28	0.008285485	0.002680737	5.79E-05	0.056935672	0.408499648	0.000484565	0.001039776	0.002593276	0.118435312	0.026075558	1.81E-05	0.007033709	0.033246158	0	0.270485713	0.029025172	0	0.00010376	0.000538969	0.001862905	0.002103002	0.000211385	0
8.3	0	0.008508844	0.003021474	6.10E-05	0.064506773	0.360006759	0.000536819	0.001085968	0.002704549	0.136627358	0.027926855	1.65E-05	0.007798773	0.033747874	0	0.283893725	0.031958174	0	0.000101771	0.000558267	0.001955151	0.002228233	0.00022692	0
8.3	14	0.008837561	0.005070234	6.30E-05	0.089746678	0.141786382	0.000766459	0.00108304	0.002807208	0.338028784	0.034948829	0	0.011539098	0.034917553	0	0.236365358	0.046594425	0	5.50E-05	0.000577159	0.002231016	0.002624524	0.000266893	0
8.4	0	0.008347186	0.005070846	4.33E-05	0.065031666	0.211015986	0.000675307	0.000775716	0.002204471	0.256664345	0.03118685	0	0.010876998	0.038250694	0	0.281162211	0.044876292	0	1.45E-05	0.000486082	0.001986901	0.002320233	0.000205369	0
8.4	14	0.01192818	0.004389839	1.15E-05	0.16458027	0.025141734	0.000445612	0.000422109	0.001692671	0.479237256	0.02822358	0	0.009586423	0.074164644	0	0.114097538	0.043972917	0	0	0.000501208	0.002058622	0.002301085	9.22E-05	0
9.1	0	0.00107168	0.000216686	0	0.03508805	0.038163841	0.000353686	0	0	0.805620826	0.023663183	1.49E-05	0	0	0.000316939	0.010529319	0.002286072	0	0	0.002273175	9.55E-05	0.000362847	4.35E-05	0.046925087
9.1	14	0.001504241	0.000383536	0	0.018244151	0.095866848	0.000788462	0	0	0.772949266	0.026413173	2.68E-06	0	0.011724742	0.000482183	0.012674061	0.003446461	0	0	0.002948866	0.00028623	0.00030993	6.83E-05	0.040814611
9.1	28	0.001989616	0.000626486	2.29E-05	0.011748552	0.161716384	0.001450084	0	0	0.667145928	0.03254245	0	0	0.038780113	0.000613147	0.014542028	0.005809648	0	0	0.00373601	0.000664911	0.00075625	8.22E-05	0.026101459
9.2	0	0.001303265	0.000474902	5.40E-05	0.034579852	0.020984315	0.00117545	0	0	0.811871871	0.022044517	0	0	0.05106324	0.000373755	0.008443612	0.004648553	4.30E-06	0	0.002418165	0.000605433	0.000804683	4.57E-05	0.005880407
9.2	14	0.000956565	0.000418769	9.79E-05	0.062922207	0.048533585	0.001139736	0	0	0.803903548	0.020779753	1.26E-05	0	0	0.000227142	0.005045071	0.00453145	3.26E-05	0	0.001870143	0.00065698	0.001081058	1.99E-05	0.001667954
9.2	28	0.000509253	0.000228265	0.000102695	0	0.779119595	0.000737342	0	0	0.08288811	0.022310264	0.000107164	0	0.031507161	7.83E-05	0.002491227	0.002980974	7.90E-05	0	0.001378355	0.000445248	0.000987463	0	0.030014342
10.1	0	0.003913227	0.000221453	0	0.002790917	0.77412356	0.003569567	0	0	0	0.002032564	0.000522932	0.000707262	0.001744606	0	0.037182734	0.001151893	0	0	0.001405844	0.000181845	0.019710419	6.75E-05	0
10.1	14	0	0.000345861	0.000392514	0	0.749740913	0.00252105	0.000758021	0	0.017206897	0	0.000512005	0	0	0.001393159	0	0.000696323	0	0.00367542	0.001348222	0	0.023673577	0.000146505	1.19E-05
10.2	0	0.001299044	0.000939435	0.000692857	0	0.849618398	0.002724919	0.001218618	0	0	0	0.000414915	0	0	0.004892322	0	0.00223732	0.000394659	0.011005451	0.001292361	0.000207008	0.02099462	0.000180811	1.95E-05
10.2	14	0.00746977	0.001474949	0.000645775	0	0.547075694	0.003250546	0.001015447	0	0	0.002513543	0.000269616	0	0.000254294	0.005387073	0.015096505	0.004073463	0.000818513	0.010942358	0.001133792	0.000728367	0.013609363	0.000167134	2.75E-06
10.3	0	0.015128278	0.002075026	0.000580119	0.001330773	0.599406342	0.004328322	0.000812322	0	0.063538311	0.006265716	0.000212267	0.000358837	0.002061759	0.005386147	0.054097328	0.006163463	0.001217867	0.009656891	0.001208759	0.001364038	0.009387682	0.000179808	0
10.3	14	0.02450506	0.002606267	0.000449339	0.003841329	0.013945804	0.005459677	0.000599341	0	0.745442336	0.010798153	0.000203241	0.00096582	0.004624242	0.004675988	0.102742571	0.008107614	0.001539946	0.006760092	0.001360191	0.00214407	0.006238117	0.000219571	0
10.4	0	0.031301577	0.002510744	0.000247842	0.006182712	0.312508085	0.005452635	0.000551866	0	0.400877447	0.013937976	0.000271956	0.0014564	0.007227058	0.002934556	0.138343009	0.008032131	0.001433618	0.00251442	0.001436488	0.002729188	0.005925405	0.000296562	0
10.4	14	0.022282874	0.000855197	2.60E-05	0.005194087	0.407232304	0.00215911	0.000750554	0	0.364068849	0.009500262	0.000352127	0.001065889	0.006539436	0.000233659	0.096086697	0.002751997	0.000367948	0	0.000972375	0.002002963	0.00880293	0.000324273	5.55E-05
11.1	0	0.015189396	0	0	0	0.415442326	0	0.000203266	0	0.017419926	0	0.484360286	0	0	8.38E-05	0	0	0	0.007144205	0.003270118	0	0.010611953	0.000795342	0
11.1	14	0.01496798	0.004683538	0.000965257	2.19E-05	0.874830975	0.0003133	0	5.81E-05	0.004097034	0.0024163	0.011437995	0.000143274	0	8.65E-05	0.014596441	0.002113696	0.000633438	0.01362744	0.000980156	0.000298899	0.009857198	0.000408316	0
11.2	0	0.017459041	0.014977427	0.001623118	0.004733878	0.810723724	0.001063825	0	0.000414671	0.022977858	0.006662679	0	0.000441422	0	8.36E-05	0.039433822	0.007383611	0.001451636	0.014195626	0.000285455	0.000651367	0.008943688	0.000266689	0
11.2	14	0.019835401	0.016181566	0.001890746	0.009109539	0.817967656	0.001422102	0	0.000628945	0.003991614	0.009351407	0	0.000527603	0	8.26E-05	0.046785377	0.009581129	0.001272051	0.010950942	0.000232208	0.000705663	0.007080447	0.000194652	0
11.3	0	0.025728152	0.015873758	0.00217044	0.014153152	0.68371929	0.00179697	7.54E-05	0.000841611	0.109985944	0.012596936	0.011511994	0.000559865	0	0.000117667	0.05245357	0.011826553	0.000861975	0.007328356	0.000663265	0.000879064	0.005902687	0.000197437	0
11.3	14	0.02974795	0.014005239	0.001958018	0.015923073	0.405885394	0.001887188	0.000313467	0.000865784	0.398831904	0.013816583	0.009848954	0.00043512	0	0.000190973	0.049571819	0.012502022	0.000435837	0.002463746	0.001381641	0.00128093	0.004317132	0.000215346	0
11.3	28	0.029057476	0.014603717	0.001217471	0.01163327	0.835569344	0.001648355	0.000590234	0.000633076	0	0.011870845	0	0.000205921	0	0.000294217	0.042006211	0.011700431	0.000638796	0	0.001965898	0.002016656	0.003317353	0.000222718	0
11.4	0	0.02879565	0.015201067	0.001096209	0.010649308	0.838104144	0.001609939	0.000630849	0.00058874	0	0.011469388	0	0.000173974	0	0.00031214	0.041335292	0.011622025	0.000746488	0	0.002030455	0.002160336	0.003304636	0.000223624	0
11.4	14	0.034059292	0.030675733	0.000271767	0.002035632	0.779843077	0.001775368	0.001186229	0.000297404	0.022679024	0.010572842	0	0	0	0.000595807	0.053731253	0.015190581	0.002728608	0.002102145	0.003003134	0.004475003	0.005485212	0.000293635	0
12.1	0	0	0.030950585	0.000832374	0.028038792	0.456527315	0.060260349	0.022962542	0.001370935	0	0	0.000228111	0.059608861	0	0.060026863	0.070002058	0.049036094	0.003874832	0	0.112426107	0.000664903	0.00384726	0.000307687	1.21E-05
12.1	14	0.000778215	0.016871987	0.000596241	0.015958129	0.755115679	0.032490703	0.006677224	0.001245157	0.010485613	0.000923371	0.000100921	0.030177517	0.008690853	0.028097964	0.026688969	0.027390004	0.002264684	7.06E-06	0	0.000665218	0.003983177	0.000205726	0
12.2	0	0.0037629	0.024534599	0.001665793	0.025843191	0.255792496	0.044351606	0	0.003218202	0.061178868	0.003341997	8.85E-05	0.034727134	0.01163417	0.026416155	0.015465135	0.040139134	0.003976731	5.26E-05	0.359294067	0.001718492	0.010012747	0.000521889	8.75E-06
12.2	14	0.002653816	0.011268651	0.001404775	0.013263425	0.511491944	0.017845874	0	0.00219574	0.046776699	0.001883266	1.17E-05	0.010008908	0.081011561	0.003126744	0.000251212	0.017532517	0.002359212	4.69E-05	0.015205714	0.00112651	0.006201589	0.000419262	3.15E-05
12.3	0	0.002619044	0.010982915	0.001563241	0.013069938	0.511415829	0.016596002	0	0.002262707	0.046668474	0.001693223	5.53E-06	0.008351652	0.125367879	0.000660307	0.00083093	0.016502491	0.002468276	5.08E-05	0.09258237	0.001143578	0.006148781	0.000462886	4.32E-05
12.3	14	0.001607517	0.009003708	0.001440985	0.009781866	0.857472795	0.012916805	0	0.001710054	0.026217762	0.000754347	3.96E-06	0.006944329	0	0	0.007802896	0.012115856	0.002211711	4.36E-05	0.03023936	0.000842094	0.004228811	0.000422015	5.60E-05
12.4	0	0.00138325	0.0118	0.001744513	0.010852869	0.706738655	0.017530982	0.002392299	0.001807292	0.016063174	0.000522578	1.14E-05	0.012153776	0.160458351	0	0.0187634	0.014858513	0.002879592	5.31E-05	0	0.000900669	0.004319117	0.000508243	7.84E-05
12.4	14	0.00055742	0.011075306	0.001255435	0.006627574	0.800423638	0.018170834	0.003818225	0.001019822	0	0.000391959	1.51E-05	0.017337737	0.058980557	0.00142965	0.027158983	0.01289515	0.002591511	4.61E-05	0.014923903	0.000578895	0.00264329	0.000360388	6.65E-05
12.5	0	0.000268064	0.019649254	0.001292797	0.00277336	0.198999656	0.036715388	0.004847045	0.000466735	0.17470029	0.001723285	1.55E-05	0.044763499	0.130898634	0.003386289	0.061888486	0.020863616	0.004414495	8.74E-05	0.253694132	0.000611044	0.002818988	0.000349419	8.66E-05
13.1	0	0.025333807	0	0.004841614	0	0.920231982	0	0.000665004	8.39E-05	0.00088166	0.012679131	0.00248227	0.000191097	0.000264539	0.001153814	0.001679487	0	0.000856592	0	0.015350686	0	0.000986219	0.000205306	0
13.1	14	0.023181251	0.014757288	0.0047754	0	0.888396547	0.000952103	0.000717401	0.000237148	0	0.018797819	0.007031441	0	9.13E-05	0.000241824	0.004171718	0.00211673	0.000525585	0.000260345	0.009440159	0.000323959	0.004374012	0.000265533	0
13.1	28	0.015342963	0.022593561	0.003292513	0	0.881868631	0.002564057	0.00048243	0.000279683	0.004407555	0.018655515	0.008535745	5.64E-05	0	0.000107605	0.004506485	0.002626349	0.00021193	0.000417688	0.004041102	0.000463106	0.005692933	0.000320756	0
13.2	0	0.011016831	0.023295291	0.002293767	0	0.893566568	0.004213427	0.000298992	0.000293411	0.001583883	0.019160116	0.009404858	0.000306235	0	0.000429998	0.00441287	0.002497805	7.50E-05	0.000465872	0.00190367	0.000334409	0.006444866	0.000410277	0
13.2	14	0.00911487	0.022366567	0.001422215	0	0.578517965	0.006943075	0.000132142	0.000320121	0.310056689	0.023522206	0.011632788	0.000785316	0	0.001190413	0.004550649	0.002333231	0	0.000561999	0.001103744	0.000194481	0.007986949	0.000614123	0
13.3	0	0.007201514	0.013542481	0.000531913	0	0.902850253	0.006616798	3.49E-05	0.000228407	0	0.021347004	0.01909215	0.000912498	2.11E-05	0.001416884	0.003296262	0.001595934	0	0.00049997	0.00100114	0.000224982	0.00673205	0.000594082	0
13.3	14	0.010849545	0.00715882	0.000115759	0	0.837570182	0.006543188	0.000105454	0.000153628	0	0.026393493	0.076798331	0.00110682	5.56E-05	0.001666511	0.002878572	0.001668158	0	0.000651655	0.001817487	0.000888233	0.00681468	0.000677928	0
13.4	0	0.012017812	0.004328331	0.000126512	0	0.768699105	0.004918997	0.00018622	9.33E-05	0.032415965	0.025021542	0.099030061	0.000919362	5.27E-05	0.001315035	0.002393491	0.0016951	0	0.000653091	0.00194059	0.001248429	0.005752043	0.000583013	0
13.4	14	0.024811634	0.004225388	0.000857186	0	0.495412825	0.001764225	0.000686388	0	0.045313948	0.036517984	0.145838262	0.000612113	3.39E-05	0.00046034	0.003023882	0.00355225	1.05E-05	0.001129634	0.003046435	0.003465232	0.006184435	0.000573973	0
15.1	0	0	0	0.004806635	0	0.941437303	0	0	1.62E-06	4.44E-05	0	0.0010182	0	0.004736356	0.000648595	0	6.69E-05	0	3.19E-05	0.001536116	0	0.00210215	0.000110766	0
15.1	14	0.000806522	0.000191269	0.002546542	3.13E-05	0.94468755	0.000466746	0.000160102	0	7.34E-05	0.004426173	0.000950856	0.000128062	0	0.000257249	0.000184766	7.95E-05	3.80E-05	0.000102545	0.002261069	2.21E-05	0.003223619	0.000101591	0
15.1	28	0.001418045	0.000590456	0.001569277	6.64E-05	0.853512963	0.000971789	0.000295047	1.01E-06	0.000128577	0.010662049	0.000857168	0.000275207	0.000352342	0.000596937	0.000373936	0.000180765	0.000132123	0.00011404	0.002701284	5.89E-05	0.004036024	9.74E-05	0
15.2	0	0.001551318	0.000845217	0.00145525	7.49E-05	0.899483102	0.001197114	0.000316802	5.70E-06	0.000163619	0.013090033	0.000824069	0.00030449	0.003424861	0.000956137	0.000432229	0.000255312	0.000182435	0.00010774	0.002899036	7.11E-05	0.004428157	9.91E-05	0
15.2	14	0.001272174	0.001167215	0.001413979	6.39E-05	0.860113208	0.00130639	0.000239795	1.50E-05	0.000197833	0.013726951	0.000639619	0.000242907	0.010160999	0.001575726	0.000402265	0.000356699	0.000234317	6.71E-05	0.002684822	7.05E-05	0.00425036	8.98E-05	0
15.2	28	0.001056967	0.001689438	0.002017355	5.51E-05	0.776766885	0.001580375	0.000168312	2.73E-05	0.000264564	0.015570831	0.0006562	0.000182586	0.01941366	0.002531123	0.000400197	0.000525745	0.00032025	4.70E-05	0.003084379	7.56E-05	0.004951323	0.000109911	0
15.3	0	0.001020147	0.00170288	0.002040721	5.33E-05	0.794155561	0.001574996	0.000159507	2.78E-05	0.000265365	0.015432199	0.000651349	0.00017414	0.019820575	0.002564739	0.000392636	0.000530545	0.00032167	4.56E-05	0.003076757	7.47E-05	0.00493746	0.000110428	0
15.3	14	0.000418709	0.001454465	0.001853161	2.34E-05	0.915242398	0.001163408	3.94E-05	2.59E-05	0.000210873	0.010310813	0.000530036	4.91E-05	0.019023324	0.002291479	0.000223808	0.000458906	0.000263648	4.20E-05	0.002527533	4.94E-05	0.003919446	0.000103084	0
15.3	28	4.81E-05	0.001021257	0.001317993	4.23E-06	0.918368727	0.000709095	0	1.68E-05	0.000127797	0.004890722	0.000576625	0	0.01291767	0.001527013	8.36E-05	0.000321715	0.000180923	0.000101458	0.002423767	3.04E-05	0.003312522	0.000116023	0
15.3	42	0	0	0	0	0.970499988	0	5.41E-05	0	0	0	0.000684546	0	0	0	0	0	0	0.000237034	0.00222919	1.02E-05	0.002195347	0.000125302	0
16.1	0	3.42E-06	0.00022688	0.010134981	0.000242163	0.773875408	0.00080795	0.001255085	4.89E-05	0.000376752	0	0.001098479	0	0.000174181	0.000384305	0.000290926	1.22E-05	2.14E-05	0.034041483	0.001583235	1.11E-05	0.017944731	0.000219142	0.000324561
16.1	14	1.67E-05	0.000775978	0.005165075	0.000115477	0.791176869	0.000942913	0.001487672	3.41E-05	0.000213698	1.12E-05	0.000604845	0	4.67E-05	0.000406303	0.000193745	0.000327281	1.40E-05	0.018897112	0.003064232	7.32E-05	0.017590799	0.000221194	0.000137731
16.2	0	1.99E-05	0.00096468	0.002960768	6.38E-05	0.81739722	0.001007329	0.001580649	2.48E-05	0.00013097	4.68E-05	0.000331916	9.17E-06	9.70E-06	0.000372016	0.000194446	0.000433506	1.19E-05	0.016039485	0.003495075	8.91E-05	0.018138501	0.000213249	5.70E-05
16.2	14	1.46E-05	0.000830712	0.00168769	4.12E-05	0.87343671	0.000905706	0.001390639	1.37E-05	6.75E-05	6.95E-05	0.000100541	2.57E-05	2.15E-05	0.000250511	0.000232379	0.000368594	1.14E-05	0.018603321	0.002872224	6.68E-05	0.017184068	0.000169675	2.03E-05
16.2	28	6.72E-06	0.000594326	0.00188566	5.52E-05	0.903990535	0.000818505	0.001212624	7.47E-06	5.81E-05	7.80E-05	1.59E-05	3.99E-05	6.71E-05	0.000152657	0.000306782	0.000238481	1.36E-05	0.026599644	0.002019654	3.20E-05	0.017711757	0.000137711	3.63E-05
16.3	0	6.13E-06	0.000576152	0.001932447	5.70E-05	0.905028224	0.000813266	0.001201153	7.16E-06	5.89E-05	7.82E-05	1.34E-05	4.08E-05	7.09E-05	0.000147078	0.000312773	0.000228224	1.38E-05	0.027294839	0.001957397	2.94E-05	0.017806755	0.000135926	3.86E-05
16.3	14	0	0.000315855	0.002765747	8.47E-05	0.907915349	0.000736943	0.001034048	3.77E-06	8.32E-05	7.47E-05	9.70E-06	4.95E-05	0.00012269	9.44E-05	0.000389309	8.10E-05	1.71E-05	0.037214452	0.001096602	0	0.019568311	0.000115719	7.66E-05
16.4	0	0	9.47E-05	0.003213232	9.63E-05	0.903470982	0.000608396	0.000796712	1.54E-06	0.000117819	5.26E-05	3.62E-05	4.34E-05	0.000139769	0.00011124	0.000393616	0	1.82E-05	0.041842376	0.000406432	0	0.020629668	0.000100428	0.000100527
16.4	14	0	4.59E-05	0.002189758	5.98E-05	0.912181537	0.000410244	0.000488879	0	0.000133787	1.09E-05	4.32E-05	1.42E-05	7.62E-05	0.000226499	0.000250982	0	1.37E-05	0.032927746	0.00029504	0	0.019066883	9.06E-05	6.91E-05
16.4	28	1.02E-05	0.00029353	0	0	0.930570545	0.000233034	0.000241597	0	0.000131406	0	0	0	0	0.00049675	0	0.000134136	4.08E-06	0.011477854	0.001165093	4.40E-05	0.017423573	0.00010582	0
17.1	0	0.015131399	0	6.29E-05	0	0.872975321	0.026785108	0.001317429	0	0.004968589	0.011173803	0.000265889	4.71E-05	0	0	0	0.015350311	0.001470733	0.009073626	0	0	0.016014967	0.000107161	0
17.1	14	0	0.002612479	6.11E-05	0	0.935543152	0	0.00048636	0	0	0	0.000100366	2.14E-06	0	0.005335258	0.008901223	0	0	0.018800883	0.000380315	0	0.013802724	0.000433686	0
17.2	0	0	0.020646469	5.39E-05	0.000242739	0.908905477	0.003386191	4.55E-05	0.001927692	0.005690968	0	0.000103027	0	0	0.009835239	0	0	0	0.023468893	0.000701732	0.00077228	0.010680279	0.000518027	0
17.2	14	0	0.040842393	6.29E-05	0.000883295	0.784588554	0.042333423	0	0.00787384	0	0.000869582	0.00028109	1.42E-05	0	0.013421729	0.033868084	0.011610103	0.000348839	0.030497974	0.001072767	0.002286607	0.010178272	0.000551339	0
17.3	0	0.022325316	0.073159268	0.000105753	0.002070972	0.012014109	0.068457334	0.000145778	0.019122495	0.444083889	0.020510449	0.000769908	7.61E-05	0	0.018457182	0.165673354	0.048879226	0.003251259	0.045395781	0.001703225	0.005085819	0.012438438	0.000581826	0
17.3	14	0.021923885	0.035548041	6.84E-05	0.00119259	0.714820989	0	0.000223369	0.011270695	0.04969689	0.018361076	0.000569947	6.61E-05	0	0.007272815	0.046948635	0.037384492	0.002835182	0.021650945	0.000785018	0.002886785	0.005339364	0.000159778	0
17.3	28	0.03140498	0.030695042	0.000112414	0.001165186	0.64764404	0.099317765	0.000362061	0.011331599	0	0.024706111	0.000849732	0.000100435	0	0.005670347	0.03634808	0.049016119	0.003974029	0.023796894	0.00070477	0.002882154	0.005686006	7.81E-05	0
17.4	0	0.032970596	0.030958349	0.000121063	0.001184425	0.619727938	0.115056328	0.000381131	0.011554242	0	0.025798147	0.000902935	0.000106472	0	0.005734347	0.040460918	0.051262911	0.004174042	0.024864057	0.000717935	0.002942199	0.005940413	7.70E-05	0
17.4	14	0.021461036	0.005464083	0.000148986	0.000240541	0.786530108	0.05487896	0.00022235	0.002877117	0.002900514	0.014511115	0.000857632	9.22E-05	0	0.002460853	0.03278594	0.032517922	0.002861761	0.02011716	0.000280306	0.000859744	0.004883114	6.17E-05	0
18.1	0	0	0	0	0	0	0	0	0	0	0	0	0.033473373	0	0.324716696	0	0	0	0.001990932	0	0	0	0.005392199	0.00238512
18.1	14	0	0.001383249	0	0	0.902119748	0.002500577	0.000695631	0.000179347	0	0	0	0.001413734	0	0	0.001553311	0.000650807	0.000404783	7.92E-05	0.004136072	0.00015905	0.004265206	0.000299662	0.00024754
18.2	0	0	0.002604925	0	0	0.889618427	0.007231945	0.001061583	0.000308506	0	0	0	0.001324695	0	0.034118207	0.002547995	0.00296177	0.000889327	6.67E-05	0.010565292	0.000679784	0.008776851	0.000355495	0.000279384
18.2	14	0	0.003058478	0	0	0.797039842	0.010294331	0.001131383	0.000237166	0	0	0	0.001475145	0	0.095480986	0.002947304	0.004851825	0.000959819	6.56E-05	0.015198295	0.001073546	0.013535343	0.000444197	0.000235408
18.3	0	0	0.002223828	0	0	0.890839307	0.008754168	0.000773546	5.66E-05	0	0	0	0.001357785	0	0.037573172	0.002201633	0.00452654	0.000586249	5.53E-05	0.013384742	0.000971678	0.013454728	0.00040776	0.00012032
18.3	14	0	0.001637335	0	0	0.939202521	0.008031151	0.000545559	0	0	0	0	0.001590269	0	0	0.001759942	0.004559621	0.000289515	5.91E-05	0.013131523	0.000943743	0.015933105	0.000445644	3.16E-05
18.4	0	0	0.001114419	0	0	0.943353254	0.006810663	0.000396659	0	0	0	0	0.001749747	0	0	0.00136744	0.00407612	0.000115586	5.86E-05	0.012105667	0.000817932	0.017761988	0.000447682	0
18.4	14	0	0.000475928	0	0	0.943355988	0.003752298	0.00030973	1.91E-05	0	0	0	0.001505813	0	0.008331302	0.000804195	0.002127486	0.000144942	3.70E-05	0.008171617	0.000405501	0.016813082	0.000313207	0
19.1	0	0.001297088	0.005055091	0.001077569	0	0.866736852	0.008584208	0	0.00392017	0	0	0	0	0	0.027786025	0	0.005817635	0.003049708	0.000140836	0.035806898	0	0.023289697	0.002903569	0
19.1	14	0.002408443	0.00323179	0.001338511	9.20E-05	0.916019558	0.007323285	0.000485293	0.00092393	0.002968687	0.00151456	0.003459813	0.000474811	0	0.007926114	0.00200112	0.003089973	0.001068436	0.000120846	0.015655956	0.000211702	0.012918108	0.001058207	6.35E-05
19.2	0	0.002914096	0.002417918	0.001622961	0.000203169	0.916424953	0.006822984	0.00056343	8.04E-05	0.005144712	0.002463008	0.00535886	0.000802144	0	0.003411004	0.003072213	0.002338529	0.000468775	0.000107369	0.01238423	0.000330158	0.01284584	0.000752842	9.66E-05
19.2	14	0.002173107	0.000551827	0.001393318	0.000235536	0.94353684	0.003608336	0.000279344	0	0.002358225	0.002298233	0.003505667	0.000484974	0	0.002078521	0.000775331	0.001016577	0	4.40E-05	0.009231009	0.000154029	0.011853207	0.000615848	7.54E-05
19.3	0	0.001518048	0	0.001386685	0.000273549	0.94803575	0.00152289	2.54E-05	0	0	0.002162948	0.001076244	0	0	0.006428338	0	0.000349124	0	0	0.011592096	0	0.015550043	0.000950158	5.07E-05
19.3	14	0.000197281	0	0.000836963	0.000172782	0.956389349	0.000420919	0	0	0	0.001051345	0	0	0	0.012134362	0	9.97E-05	0	0	0.010970774	0	0.013968594	0.001019946	1.05E-05
19.3	28	0	0	0.000678235	0.00010206	0.936461645	0.003192595	0.000510726	0.000287758	0	0.000610656	0.000351284	0	0	0.022659317	0	0.000843079	0.000122108	0	0.012797233	0	0.015283632	0.001180348	1.43E-05
19.4	0	0	0.00041286	0.000663299	7.72E-05	0.92592262	0.004924854	0.000817311	0.000353053	0.000581989	0.00058457	0.001798094	0	0	0.025845027	0.000333596	0.00127289	0.000273073	2.02E-05	0.012879451	0	0.015187935	0.001152023	2.65E-05
19.4	14	0	0.004192093	0.000715263	0	0.861915896	0.013067129	0.002227844	0.00028365	0.014064119	0.000978473	0.01018749	0.001143895	0	0.031927037	0.010934266	0.003165594	0.000825759	0.000157458	0.009558654	0.000680827	0.011291632	0.000606407	0.0001078
20.1	0	0	0.005417913	0.001437004	0	0.24773078	0.031366997	0.418369136	0.003159109	9.54E-05	0	0	0.000113353	0	0	0.013297973	0.012825172	0.000694662	0	0.04464672	0.003566648	0.01020135	0.001447133	0
20.1	14	2.80E-05	0	0.000385373	0	0.892671349	0	0.039778529	0	0	0	0.000127589	0	0	1.11E-05	0	0	0	0.000232152	0	0	0.004566796	0.000465622	0
20.1	28	5.01E-05	0	0.000135991	0	0.837867937	0	0	0	0	0	0.000197697	0	0	4.62E-05	0	0	0	0.000486737	0	0	0.004475585	0.000237552	0
20.1	42	4.88E-05	0.000427467	8.46E-05	0	0.694281253	0	0.006501774	5.61E-05	4.26E-06	0	0.000221818	0	0	4.77E-05	0	0.000267316	0.000161208	0.000501197	0.010291099	0	0.005931422	0.00017358	0
21.1	0	0	0	0	0	0.848784322	0	0.005508539	0	0.000712221	2.64E-05	0.000361132	0	0	0.108843767	0	0	0	0	1.43E-05	9.48E-05	0.011462951	7.54E-05	0
21.1	14	0	0.000135768	0.00016087	0	0.624373777	0.00151312	0.000113519	0	0.000425405	5.64E-05	0.000123014	0.00045894	0	0.044703592	0.026238426	9.72E-05	0	0.001364308	0	0.000119564	0.014162273	0.000119561	0
21.2	0	0	0.000221648	0.000232782	0	0.771132864	0.002111918	0	0	0.000181472	5.29E-05	0	0.000820402	0	0.003342968	0.037817688	0.000184052	0	0.00220706	0	0.000100954	0.014467662	0.000136151	0
21.2	14	0	0.000228246	0.000217033	0	0.836569629	0.002015134	0.001486319	0	7.16E-05	3.95E-05	0	0.000995816	0	0	0.035620359	0.000193169	0	0.002258754	0	7.95E-05	0.016354384	0.000158204	0
21.3	0	0	0.000174017	0.000135074	0	0.874465821	0.001366112	0.005619267	0	2.84E-05	1.74E-05	1.30E-05	0.000975173	0	0	0.022854811	0.00014331	0	0.00170484	9.61E-06	4.96E-05	0.018272132	0.000171279	0
21.3	14	0	9.44E-05	2.86E-05	0	0.918247119	0.000491816	0.006716683	0	2.55E-05	0	7.59E-05	0.000794454	0	0.001752745	0.005998736	6.58E-05	0	0.000901963	2.26E-05	1.84E-05	0.020089764	0.000172386	0
21.4	0	0	4.81E-05	0	0	0.91896791	0	0	0	3.09E-05	0	0.000106862	0.000601438	0	0.008662804	0	1.77E-05	0	0.000438161	2.86E-05	1.53E-06	0.020802307	0.000162391	0
21.4	14	0	1.99E-05	0	0	0.901675982	0	0.009284939	0	2.41E-05	0	9.68E-05	0.000221865	0	0.011426076	0	0	0	0.000166202	2.77E-05	0	0.01988867	0.000121559	0
22.1	0	0	0	0.007702779	0	0.027423077	0	0	0	0	0	6.89E-05	0	0	0.014823769	0	0	2.02E-05	0.801940117	0.026944891	0	0	0	0
22.1	14	0	0.001847459	0.008396538	0	0.033086365	0.002078104	0.006823141	0	0	0	2.23E-05	0	1.49E-05	0.054993805	0.00149707	0.000948778	0	0.768176294	0	1.11E-05	0	0	0
22.1	28	0	0.001977496	0.00889425	1.42E-05	0.038281033	0.003247742	0.010907943	0	0.000130193	0	5.98E-06	0	3.97E-05	0	0.001910533	0.001479735	0	0.794856489	0.004971626	0.000174805	9.47E-06	0	0
22.2	0	0	0.001256491	0.009315094	3.22E-05	0.044066799	0.001908289	0.003839214	0	0.000238273	0	2.66E-05	0	4.61E-05	0.088498726	0.001223025	0.000737924	3.53E-06	0.685705824	0.025319766	0.000308665	2.14E-05	0	0
22.2	14	0	0.00040407	0.007885634	4.25E-05	0.043019855	0	0	0	0.0002787	0	8.78E-05	0	3.21E-05	0	0.000462297	0	2.67E-05	0.796517184	0.020734968	0.000354056	2.83E-05	0	0
22.2	28	0	0.000856455	0.006261199	4.44E-05	0.042927202	3.90E-05	0	0	0.000277678	0	0.000193295	0	1.42E-05	0	0.001375306	0	4.48E-05	0.827418984	0	0.000342407	2.96E-05	0	0
22.3	0	0	0.001850157	0.005195483	4.04E-05	0.042362507	0.001688005	0	0	0.00025615	0	0.000259905	0	5.71E-06	0.568833738	0.002822049	0.000235349	4.80E-05	0.267796845	0	0.000307315	2.69E-05	0	0
22.3	14	0	0.005654169	0.002621089	2.07E-05	0.039826899	0.008869609	0.010241918	0	0.00017249	0	0.000406778	0	0	0	0.008036666	0.003530202	3.63E-05	0.817960019	0.010910215	0.000180242	1.38E-05	0	0
22.3	28	0	0.015643289	0	0	0.0483105	0.028139836	0.065723187	0	6.92E-05	0	0.000740056	0	0	0.02767365	0.021513536	0.012403513	0	0.376196386	0.265177345	4.96E-07	0	0	0
23.2	0	0	0.00535537	0	0	0.036124082	0.008359453	0.002140795	9.82E-05	0	0	2.56E-05	0	0	0	0.017044931	0.002749544	0.001135667	0.77441292	0.047444953	0.000625694	7.80E-05	0	0
23.2	14	0	0.007782597	0	0	0.033131336	0.010745101	0.001726589	0.000507894	0.000202679	2.91E-08	1.67E-05	4.05E-05	0	0.050541024	0.027420038	0.00425235	0.001283692	0.72400578	0.043136272	0.000693202	7.12E-05	0	8.72E-08
23.4	0	0	0.013906729	0	0	0.052324738	0.018003875	0.002366273	0.001509241	0.000886379	3.30E-06	2.66E-05	7.05E-05	0	0	0.055931339	0.008119903	0.001974385	0.635869425	0.062010405	0.001228049	9.63E-05	0	9.91E-06
23.4	14	0	0.009652825	0	0	0.037402133	0.011051182	0.001246201	0.002128561	0.001555746	1.22E-06	2.76E-05	0	0	0.743258353	0.052903956	0.006633395	0.000975603	0	0.03247554	0.001037775	3.40E-05	0.000130521	3.67E-06
24.1	0	0	0	0	0.000218024	0.001938283	0.039501137	0.000502491	0.000304595	0	0	0.482233662	0.001884559	0	0.212665439	0.007809983	0.007668748	0.000287178	0	0.001479296	0.009680395	0	0	0.000120026
24.1	14	8.10E-06	0.002858771	0	0.000173569	0.000975428	0.018704244	0	0.000132244	0.000409292	5.37E-06	0.779543349	0.001080812	0.000147944	0.021907648	0.006831271	0.003678032	0	0	0.000716335	0.00390649	0	0.000329533	0.00029892
24.1	28	3.50E-05	0.014815576	0	0.000113044	0.000573452	0.009895587	0.000721115	0.000106774	0.000730235	6.64E-05	0.814783248	0.003440553	0.000242261	0.010502133	0.01051128	0.002801134	5.25E-06	0	0.001576797	0.002163995	0	0.000465443	0.000242374
24.2	0	3.75E-05	0.016766831	0	0.000108891	0.000570116	0.00972109	0.000891143	0.000114651	0.000745859	7.41E-05	0.564034351	0.003980044	0.000251368	0.255674391	0.011506038	0.002931985	2.81E-05	0	0.001807548	0.002216794	0	0.000432013	0.000232629
24.2	14	5.14E-05	0.034169194	0	9.61E-05	0.000783316	0.013073859	0.002635563	0.000239569	0.00075457	0.00013452	0.712900181	0.009411072	0.000304807	0.028442062	0.02195479	0.005174336	0.000302695	0	0.004246135	0.004041553	0	0	0.000145364
24.2	28	4.24E-05	0.041304221	0	8.09E-05	0.000968453	0.016629519	0.003844067	0.000357663	0.000467176	0.000151777	0.645534546	0.012562749	0.000237299	0.0832809	0.027239858	0.006786629	0.000564992	0	0.005792677	0.00588687	0	0	2.17E-05
24.3	0	5.04E-05	0.050425308	0	9.83E-05	0.001190574	0.020482086	0.004740035	0.00044379	0.00054854	0.000184937	0.535117643	0.01541783	0.000281574	0.136174377	0.033347113	0.008344873	0.000703995	0	0.007123271	0.007286646	0	0	1.94E-05
24.3	14	3.19E-05	0.042860209	0	0.000106211	0.001142921	0.01996323	0.004498892	0.000480815	0.000428348	0.000162745	0.666877221	0.013769078	0.000175936	0.063427389	0.029607257	0.007798342	0.000739621	0	0.006596401	0.007386087	0	0	4.13E-06
24.4	0	2.65E-05	0.035525441	0	0.000157305	0.001077405	0.018604493	0.003968163	0.000523264	0.000771694	0.000161029	0.130582894	0.011350202	0.000152905	0.609690787	0.025715604	0.006884013	0.00068235	0	0.005777792	0.006973647	0	0	0.000126081
24.4	14	3.58E-05	0.019904609	0	0.000305468	0.00079841	0.012344967	0.00228584	0.000578471	0.002120016	0.000183005	0.722036107	0.004823869	0.000225372	0.016146525	0.016255288	0.003924847	0.000390425	0	0.00339875	0.004720493	0	0.001963808	0.000556027
25.1	0	0.001094692	0.056079183	0	0.000231416	0	0.022049858	0.002354192	0.009940686	8.47E-05	0	0.484042231	0.00124646	8.79E-05	0	0.028723995	0.048450578	0.010730074	0	0	0.000326055	0	0	0.003605479
25.1	14	0.000902109	0.057013713	4.81E-05	4.82E-05	0.002735576	0.027271413	0.001944105	0.005637698	7.72E-05	0.00051839	0.227774936	0.002020376	2.57E-05	0.017685552	0.038695553	0.053461631	0.00911619	0.027758148	0.286650752	0.001240586	0.000627067	0.000166292	0.002950318
25.1	28	0.000818287	0.070099912	0.00015264	0	0.204697276	0.031124758	0.00211456	0.004458525	0.000157524	0.001092162	0.115106627	0.002911697	3.89E-05	0.026903109	0.051430897	0.059498582	0.009502285	0.010986424	0.179855229	0.00175556	0.001512601	0.000473963	0.00263343
25.1	42	0.000657456	0.079255453	0.000187486	0	0.114123954	0.029779143	0.002269933	0.004285083	0.00027424	0.001248248	0.307579319	0.003417215	8.98E-05	0.023365037	0.05776221	0.056905276	0.009506673	0	0.085461809	0.001827845	0.002168788	0.000633419	0.002081824
25.2	0	0.000492159	0.072566521	0.000160883	9.03E-06	0.093002385	0.024643151	0.002053136	0.003944348	0.00030306	0.001054817	0.387063939	0.003113061	0.000109653	0.015997952	0.051806205	0.047018027	0.008279135	0.015240331	0.073725685	0.001556838	0.002121969	0.000583787	0.001554787
25.2	14	0.000329965	0.069324859	0.00012138	0.000100951	0.050772733	0.020582534	0.001938983	0.004087904	0.000377517	0.000798503	0.198565213	0.002872179	0.000147405	0.006345601	0.047123967	0.038130919	0.007463144	0.185779649	0.170581049	0.001363207	0.002147042	0.000521777	0.001081029
25.2	28	0.000256459	0.075696368	8.70E-05	0.000279909	0	0.022549698	0.002075026	0.004889248	0.000519836	0.000617241	0.423706701	0.002947929	0.000197722	0	0.048604167	0.03761813	0.007946115	0.021820995	0.11665688	0.001605478	0.002376409	0.000493121	0.000990922
25.3	0	0.000284324	0.091638848	8.75E-05	0.000423266	0.008440534	0.028513497	0.002483038	0.006035071	0.000673815	0.000658214	0.31156581	0.003483588	0.000248996	0	0.057822284	0.045223756	0.009609695	0.001816849	0.135316138	0.002086987	0.002870481	0.000562531	0.001201039
25.3	14	0.000135791	0.053348722	6.31E-06	0.000543764	0.293014909	0.024329598	0.001306517	0.003538861	0.000526754	0.000196746	0.079966402	0.001767159	0.000153883	0	0.031379892	0.029931129	0.005757411	0.025015442	0.22224447	0.001989357	0.001612977	0.000226874	0.000946705
25.3	28	8.31E-05	0.020598543	0	0.000702598	0	0.027248636	0.000208158	0.000753029	0.000397502	0	0.406721936	0.000321079	3.80E-05	0.009351275	0.010368085	0.024240453	0.002719728	0.00469774	0.293828814	0.002462849	0.000502246	0	0.00109544
26.1	0	0.000624978	0.206540942	0	0.018847989	0.020632352	0.00459435	0	0.002895492	0.00092644	0	0.496906315	0	0.000167707	0.018817582	0.044234783	0.053122918	0.005594927	0	0.026208106	0.000990199	0	0	0
26.1	14	0.000141811	0.061238565	0	0	0.005824425	0.003095769	5.95E-05	0	0	0.000348667	0.575602877	0	9.46E-05	0.005058184	0.025502957	0.024880737	0.002381043	2.52E-05	0.021894287	0.000459083	0.005175098	8.24E-05	6.61E-06
26.1	28	0	0.026956544	0	0	0	0.001956605	0.000204685	0	0	0.000447256	0.886647074	0	3.63E-05	0.011876883	0.010122246	0.004840841	0.000261341	6.79E-05	0.014972903	0.00012418	0.013641179	0.000402975	1.07E-05
26.1	42	0.000147331	0.00305028	0	0	0.838854716	0.001971886	0.000373356	0	0	0.000400784	0.075797056	0	1.58E-05	0.019561886	0.004942364	0.000850346	0	9.45E-05	0.014111887	8.64E-05	0.017616434	0.000729398	2.26E-06
26.1	56	0.000746377	0.213210643	0	0.00937928	0.183714386	0.003310267	0.000677235	0.002412938	0.000961858	0.000263753	0.44922309	0	2.21E-05	0	0.008601185	0.014292973	0.001495526	0.000123338	0.02554257	0.000312157	0.020821379	0.001225685	0
26.2	0	0.000929456	0.27800361	0	0.012915506	0.145151426	0.003960565	0.000807339	0.003098346	0.00122772	0.000283345	0.388937816	0	2.69E-05	0	0.010587095	0.018583761	0.001957664	0.00014314	0.030879274	0.000389057	0.023974746	0.001449655	0
26.2	14	0.001006504	0	0	0.025326826	0.648494178	0.003017446	0.000566237	0.004027202	0.001529754	0	0.204901493	0	2.57E-05	0	0.011979761	0.030456647	0.003227501	6.40E-05	0.008333088	0.00042506	0.009582717	0.0008704	1.19E-06
26.2	28	0.001519884	0.112318441	0	0.047760373	0.119392269	0.00382903	0.000679672	0.006143811	0.002289371	0	0.276477554	0	3.15E-05	0.245648601	0.020263717	0.06062511	0.006180245	3.71E-05	0.012223391	0.000596051	0.005555492	0.000779407	4.20E-05
26.2	42	0.001643461	0.239211348	0	0.061599243	0.10885816	0.003585104	0.000671377	0.006103879	0.002236253	0	0.11499825	0	1.14E-05	0.100315589	0.023919736	0.085916898	0.008286804	1.06E-06	0.090232162	0.000492893	0.003073418	0.00038088	0.000123227
27.1	0	0.011353297	0	0	0.004818237	0.153840824	0.00049855	8.96E-05	0.00123372	9.02E-06	0.012838714	0.75982486	0.000258194	0.022603479	6.35E-05	0	0	0.000139629	0.003231346	9.12E-05	0.000496159	0.002746431	0.000345455	0.001952869
27.1	14	0.030145914	0.019112563	0	0.002643325	0.776566861	0.001112237	0.00010099	0.00125012	0	0.020371149	0.059133787	0.000812779	0	7.21E-05	0.029111333	0	0	0.004890576	0.000183419	0.000457236	0.002929734	0.000522224	0
27.2	0	0.053669641	0.023151233	9.10E-05	0.003664252	0.565302089	0.00250788	8.44E-05	0.002566615	0	0.02946342	0.117224231	0.002730194	0	9.04E-05	0.089210273	0.003789604	0	0.006275109	0.00025366	0.001498057	0.003632674	0.000687904	0
27.2	14	0.05946358	0	0.000374763	0.005196808	0.470540174	0.003516594	1.61E-05	0.003717985	0.000938499	0.027902885	0.262080078	0.004663021	0.004028429	8.79E-05	0.024057455	0.008942109	0	0.005163804	0.000209294	0.002644666	0.003264557	0.000591392	0.000516584
27.3	0	0.053938806	0.230742976	0.000639656	0.006217787	0.270003128	0.003919395	0	0.004160758	0.001682505	0.022817287	0.084041309	0.005828607	0.02138669	0.000100894	0.159484424	0.011843906	4.60E-05	0.004099315	0.000140765	0.00314243	0.0028834	0.000486769	0.001310471
27.3	14	0.020799708	0.018325824	0.000608851	0.003285515	0.610873209	0.002231185	0	0.00206121	0.001002284	0.007798488	0.143181089	0.003865089	0.017597326	9.71E-05	0.102042699	0.007053891	4.41E-05	0.002253864	2.87E-05	0.001538171	0.001489189	0.000262061	0.000725792
27.3	28	0	0.000936993	0.000768703	0	0.339905248	0	5.22E-05	0	0	0	0.652433062	0.001113423	0	0.000174606	0	0	0	0.001918261	0	0	4.98E-05	0.000161	0
28.1	0	4.58E-05	4.09E-05	0.000204175	0	0	0	0.001003198	0	1.01E-05	0	0.9947578	0	0	0.000119671	0	0	0	0.000283871	0	0	0.000578581	0.000944309	0
28.1	14	0	0	0.000187793	0	0	0.000190972	0	0	0	0	0.992544098	0	1.18E-05	4.18E-05	0.00012469	2.18E-05	0	0.000906597	5.08E-05	6.62E-05	0.001995968	0.000650936	0
28.1	28	0	0	0.000210311	0	0.035282888	0.000427594	0	0	6.76E-06	0	0.954261696	0	4.17E-05	1.72E-05	0.000280336	3.88E-05	0	0.001251739	0.000117409	0.000130971	0.003189203	0.000495557	0
28.2	0	0	0	0.000239109	0	0.222018512	0.000476937	0	0	2.45E-05	0	0.766158981	0	5.39E-05	2.10E-05	0.000315451	3.91E-05	0	0.001372879	0.000120159	0.000136067	0.003888494	0.000459153	0
28.2	14	7.43E-06	1.30E-05	0.000268569	0	0.047040417	0.000401422	0.000473872	0	5.63E-05	0	0.940235675	0	5.82E-05	4.14E-05	0.000272601	2.60E-05	0	0.00131614	8.78E-05	9.60E-05	0.00448146	0.000437554	0
28.3	0	3.20E-05	3.99E-05	0.000282954	0	0.116908333	0.000298835	0.001042686	0	7.83E-05	0	0.869821209	0	5.49E-05	5.89E-05	0.000211276	1.33E-05	0	0.001204951	6.94E-05	5.45E-05	0.0047659	0.00046117	0
28.3	14	6.40E-05	7.79E-05	0.000273578	0	0	0.0001319	0.001716644	0	9.92E-05	0	0.986544654	0	4.20E-05	7.29E-05	0.000110674	0	0	0.000964722	8.62E-05	0	0.00488482	0.000515863	0
28.4	0	8.22E-05	0.000106325	0.000210308	0	0.182646856	0	0.001967075	0	9.86E-05	0	0.80434196	0	2.09E-05	5.77E-05	3.15E-05	0	0	0.000667867	0.000199456	0	0.00465453	0.000568659	0
28.4	14	7.17E-05	0.000111706	6.66E-05	0	0.021699678	0	0.001426007	0	6.29E-05	0	0.96677385	0	0	0	1.75E-05	0	0	0.00034989	0.000457399	0	0.003945331	0.000576592	0
29.1	0	0.000925474	0.000142785	0.001650716	2.91E-06	0	0	0	0	0.000178433	0.000335086	0.959769699	0	0	0.000231724	0	0.000338341	0	0.00545609	0	2.20E-05	0.002537076	0	0
29.1	14	0.000663944	2.91E-05	0.001069836	0	0.378403629	3.21E-05	0.004620312	2.21E-06	0.000123025	0.000240393	0.586677131	0	0	0.000100657	5.91E-05	7.98E-05	3.81E-06	0.003942683	0.000202638	0	0.001820122	4.57E-06	0
29.2	0	0.000343222	5.05E-07	0.000484267	0	0.018379613	6.04E-05	0.005813175	2.42E-05	6.44E-05	0.00012427	0.95568342	0	0	3.53E-05	0.000141911	0	1.93E-05	0.002055757	0.000738728	0	0.0009409	5.53E-06	0
29.2	14	0.000127489	3.46E-05	0.000140747	5.59E-06	0	5.96E-05	0.005000124	4.18E-05	2.98E-05	4.62E-05	0.980370321	0	0	4.00E-05	0.000104767	0	2.63E-05	0.000775462	0.001205543	0	0.000349495	0	0
29.3	0	0	9.71E-05	0	1.30E-05	0.001099993	4.50E-05	0.003376249	5.59E-05	1.20E-05	0	0.982565047	0	0	8.67E-05	5.64E-05	9.87E-06	2.81E-05	0	0.001600452	1.85E-05	0	0	0
29.3	14	0	0.000152118	0	1.79E-05	0.002704874	2.18E-05	0.001379897	6.06E-05	4.08E-06	0	0.982152956	0	0	0.000147485	8.52E-05	8.26E-05	2.36E-05	0	0.001731134	3.59E-05	0	0	0
29.4	0	0	0.000166399	0	1.82E-05	0.001013029	8.96E-06	0.000440968	5.79E-05	2.86E-06	0	0.984571704	0	0	0.000178289	0.00017449	0.000111225	1.87E-05	0	0.001645077	4.12E-05	0	0	0
29.4	14	0	0.000138907	0	1.22E-05	0	0	0	4.17E-05	4.02E-06	0	0.986714064	0	0	0.000208416	0.000521271	0.000105502	6.68E-06	0	0.001151809	3.62E-05	0	2.47E-05	0
29.4	28	5.85E-05	1.77E-05	6.30E-05	0	0.000635934	0	0.001022197	9.27E-06	6.21E-06	2.12E-05	0.986646212	0	0	0.000190104	0.001201539	0	0	0.000407012	0.000147375	5.73E-06	0.000160351	7.56E-05	0
30.1	0	0.000365865	0.003348677	3.40E-05	3.79E-06	0	0.001641619	0	0.000207999	0.00228432	0.000755591	0.896330814	0.000103053	0	0.001432092	0.003255356	0.001712226	0.000171486	0.000106184	0.043157728	0.000308171	0.000911284	0.000908633	0.000236617
30.1	14	9.14E-05	0.000354259	9.40E-05	0	0.000410046	0	0.000267153	0	0	0	0.972397178	0	0.000422859	0	0.000963233	0.000239019	0.000113361	4.55E-05	0.014564461	9.97E-06	0.000701235	0.000554698	0
30.1	28	0	0	0.000128318	0	0	0	0.000494954	0	0.000253961	0	0.987412095	0	0.000283488	0	0	0	0.000123686	1.60E-05	0.00117816	0	0.000416452	0.000310182	0
30.2	0	0	0	0.000137931	0	0	0	0.000521164	0	0.001577415	0	0.981279065	0	0	0	0	4.97E-05	0.000149353	1.22E-05	0	0	0.000291132	0.00024501	0
30.2	14	0	0.000880567	0.000143672	0	0.124359511	0.000643695	0.000445806	0.000128687	0.002917852	0	0.831709428	4.64E-05	0	0.000735612	5.84E-05	0.000841194	0.000221065	1.95E-05	0.003892666	1.22E-05	0.000117606	0.000211776	0.000127088
30.2	28	5.14E-05	0.002397533	0.000123435	1.26E-06	0.130652407	0.001603229	0.000246794	0.000283151	0	0.000680914	0.804354483	0.000146394	0	0.002018663	0.000883083	0.001752866	0.000268119	3.34E-05	0.011908982	0.000162934	0.000102433	0.000263714	0.000339003
30.2	42	0.000398679	0.003343026	9.40E-05	8.69E-06	0	0.002163214	6.23E-05	0.000389755	0.002398235	0.001915485	0.8938505	0.000216409	0.000160418	0.002707738	0.001702605	0.002349743	0.000270007	4.17E-05	0.017484183	0.000283485	0.000299086	0.000370126	0.000448225
30.3	0	0.003944161	0.013967703	0.000275358	8.58E-05	0.502403149	0.008819606	0	0.001796192	0.117429612	0.015562526	0	0.001012639	0.013961504	0.010543917	0.009699551	0.010371355	0.000922341	0.000153735	0.071447761	0.001431693	0.003218463	0.002195652	0.001700251
30.3	14	0.002856645	0.002607974	5.92E-05	6.27E-05	0.342732685	0.001551411	4.19E-05	0.000556392	0.562533611	0.010224634	0	0.000302963	0.015559575	0.001325957	0.003934314	0.002812119	0.000124337	9.47E-06	0.008219264	0.000457218	0.002626997	0.001148078	0.00016964
31.1	0	4.90E-05	0.012561654	0	0	0.148806149	0.053897046	0.000120366	0	0.000288541	0.06554767	0.596079341	4.95E-05	0	0.010339893	0.000128746	0.014838693	0.000360967	0.005083952	0	0.002213413	0	0	0
31.1	14	5.51E-06	0.009088768	0	9.26E-05	0.253010406	0.037036351	0.000152779	3.53E-05	0.000467188	0.041144687	0.564128386	3.28E-05	9.54E-05	0	0.001701649	0.010233119	7.55E-05	0.003511513	0.005097178	0.001604632	0.001417029	0.003589487	4.17E-05
31.2	0	1.74E-06	0.004660794	0	0.000140171	0.004542716	0.016636719	0.000310303	5.86E-05	0.000348387	0.019466924	0.893043696	1.40E-05	0.000145705	0	0.001736719	0.004799447	1.68E-05	0.001992441	0.005616731	0.00083061	0.001375188	0.00338608	8.24E-05
31.2	14	2.58E-05	0.003545521	0	0.000187263	0.504494595	0.007721318	0.000835559	8.25E-05	0.000351673	0.015380025	0.407618457	5.32E-06	0.00022171	0	0.002367515	0.002819487	0.000110817	0.002172985	0.007166015	0.000647659	0.001534358	0.003563508	0.000161267
31.3	0	5.62E-05	0.002867379	0	0.000161645	0	0.002351956	0.001213426	7.33E-05	0.000281283	0.014741263	0.921812886	4.24E-07	0.000217907	0.001668411	0.002337106	0.001675902	0.000243157	0.002384539	0.00630088	0.000532543	0.001195392	0.00261563	0.000192235
31.3	14	0.000112367	0.002999504	0	0.000134261	0.23638155	0	0.001823824	6.00E-05	0.000219603	0.018888671	0.667919523	0	0.000206807	0.008279019	0.002368562	0.001268712	0.000473936	0.0031021	0.005102899	0.000552358	0.00080143	0.001680949	0.000236214
31.4	0	0.000131338	0.002704327	0	0.000100892	0	0	0.001805255	3.90E-05	0.000142189	0.017962337	0.907690875	0	0.000142377	0.011254953	0.001800294	0.00108651	0.000524303	0.002866129	0.003008105	0.000479097	0.000430408	0.001125822	0.000203231
31.4	14	0.000189782	0.003155633	0	0.000152417	0.11065367	0	0.002098463	3.98E-05	0.000135014	0.0186041	0.778854086	0	9.79E-05	0.016439507	0.00155235	0.001416107	0.000654824	0.002904151	0.001694728	0.000501623	0.000471082	0.002336556	0.000194559
31.5	0	0.000162873	0.002238609	0	0.000211004	0	0.001010689	0.001399108	4.66E-05	0.000135278	0.008123206	0.920025812	3.02E-07	3.59E-05	0.012410473	0.000841175	0.00114532	0.000433054	0.001370736	0.000842488	0.000286707	0.000769885	0.004115926	0.000100494
32.1	0	0	0.140416528	0.001572174	0	0.004939755	0.005039007	0.000337143	0	0.004841685	3.94E-05	0.71232639	0	0	0	0	0	1.27E-05	0.005004115	0.007276049	0.011442357	2.37E-05	0.00012829	2.06E-05
32.1	14	1.44E-05	0.033395985	0.001775265	0	0.016727763	0.036294105	0.00015318	0.002704616	0.067031919	0.000153544	0.356415507	6.41E-06	0.001927477	0.036559985	0.231224112	0	0.001347475	0.006869457	0.002933433	0.009298204	7.16E-05	0.000492167	0.000246711
32.2	0	2.64E-05	0.004709952	0.002080356	0.016548164	0.020447004	0.05070584	8.93E-06	0.00453717	0.097390561	0.000200227	0.138617245	2.56E-05	0.006200657	0.081684714	0.080705029	0.248262584	0.00198432	0.006657957	0	0.007105606	8.50E-05	0.000606244	0.000338676
32.2	14	1.90E-05	0.020242617	0.001859045	0.023887746	0.012105373	0.035143087	0	0.003274434	0.069214392	0.000132188	0.017964581	2.78E-05	0.007183733	0.069281406	0.358941234	0.1708104	0.001384609	0.003566257	0	0.004267483	4.85E-05	0.000353446	0.000217572
32.3	0	1.36E-05	0.007001589	0.002636887	0.140386671	0.006760717	0.028577865	0	0.002557537	0.05790296	9.96E-05	0.093099987	3.60E-05	0.010366012	0.068425401	0.182851287	0.144437228	0.001089417	0.0020822	0.00021772	0.00494069	2.40E-05	0.000181411	0.000143972
32.3	14	1.23E-06	0.009846059	0.003141977	0.028511286	0	0.011800825	5.30E-06	0.000706636	0.025313459	2.83E-05	0	3.44E-05	0.011354263	0.042596393	0.509366061	0.127193588	0.000351723	8.39E-06	0.002180665	0.00558771	0	0	7.79E-06
32.4	0	0	0.091036079	0.002102687	0	0	0	3.08E-05	0	0	0	0.644304208	1.82E-05	0.006791975	0.011536573	0.057207596	0.070530896	0	0	0.002357985	0.003717364	0	0	0
32.4	14	0	0.001410318	0.001191486	0.001539617	0	0	3.15E-05	0	0	0	0.930193031	4.30E-06	0.00250754	0	0.016982853	0.007181937	0	0	0.001995002	0.001899184	0	0	0
32.4	28	6.45E-06	0.001931064	0	0	0.005989099	0.01007818	0	0.000831277	0.011026217	2.72E-05	0.961695576	0	0	0	0	0	0.000277169	0.001889194	0	0	2.71E-05	0.000193515	0.000142181